dimension,group,n,censored,c_index,ci_low,ci_high
court_tier,Civil Judge (Senior Division),12904,0.374,0.6894,0.6826,0.6949
court_tier,Other / unclear,1558,0.589,0.7242,0.7103,0.7435
court_tier,Sub-Divisional Judicial Magistrate,13117,0.457,0.7335,0.7279,0.7388
court_tier,Chief Judicial Magistrate,22603,0.381,0.7411,0.7372,0.7456
court_tier,District and Sessions Judge,9969,0.245,0.7652,0.7593,0.7706
court_tier,Civil Judge cum JMFC,1746,0.332,0.7659,0.7554,0.777
court_tier,Judicial Magistrate First Class,7551,0.527,0.7883,0.7814,0.7977
district_name,Kendrapada,2133,0.404,0.6666,0.6516,0.6806
district_name,Puri,3630,0.49,0.6682,0.6561,0.6786
district_name,Gajapati,1348,0.039,0.6792,0.6592,0.6961
district_name,Bargarh,2112,0.357,0.694,0.6814,0.7053
district_name,Dhenkanal,2445,0.317,0.6948,0.6815,0.707
district_name,Rayagada,2416,0.107,0.7034,0.692,0.7169
district_name,Nayagarh,1299,0.413,0.7081,0.6905,0.7291
district_name,Sundargarh,3917,0.418,0.7108,0.7016,0.7231
district_name,Jagatsinghpur,2101,0.466,0.7135,0.696,0.727
district_name,Balasore,6583,0.426,0.7204,0.711,0.73
district_name,Kalahandi,1269,0.222,0.7227,0.7078,0.737
district_name,Jajpur,2099,0.511,0.7235,0.7078,0.7353
district_name,Khurda,6668,0.529,0.7275,0.7184,0.7377
district_name,Bhadrak,3119,0.48,0.728,0.7153,0.7394
district_name,Kandhamal,1091,0.175,0.7326,0.7171,0.7511
district_name,Cuttack,6609,0.281,0.7348,0.7259,0.7415
district_name,Ganjam,4009,0.368,0.7378,0.7288,0.7473
district_name,Keonjhar,2824,0.45,0.7445,0.7346,0.7564
district_name,Mayurbhanj,1944,0.595,0.7551,0.7383,0.7758
district_name,Koraput,2006,0.225,0.757,0.7441,0.7694
district_name,Balangir,1579,0.433,0.7585,0.745,0.7733
district_name,Sambalpur,1462,0.549,0.774,0.7573,0.7914
district_name,Anugul,3389,0.495,0.7746,0.7637,0.7851
district_name,Nabarangpur,1204,0.321,0.803,0.7896,0.8159
type_name_normalized,mac case,1872,0.154,0.6153,0.6025,0.6296
type_name_normalized,cs,5037,0.364,0.6326,0.6257,0.6442
type_name_normalized,cs(i),1770,0.354,0.6707,0.6582,0.6831
type_name_normalized,1cc,3672,0.587,0.6735,0.6609,0.6846
type_name_normalized,ui,3961,0.036,0.6823,0.6731,0.6918
type_name_normalized,st,1171,0.225,0.6831,0.6651,0.7004
type_name_normalized,civil suit,1557,0.503,0.687,0.6631,0.7074
type_name_normalized,gr,20195,0.544,0.69,0.6852,0.6947
type_name_normalized,uc,3370,0.006,0.693,0.6835,0.7022
type_name_normalized,crlt,3407,0.518,0.6954,0.6861,0.7083
type_name_normalized,i c c,2192,0.486,0.7116,0.696,0.7246
type_name_normalized,2(a)cc,3593,0.341,0.7146,0.7023,0.7237
type_name_normalized,other,1282,0.356,0.7313,0.7122,0.7476
